{"cameraMode":{"drawMode":0,"name":"Shaded","section":"Shading Mode"},"sceneLighting":false,"audioPlay":false,"sceneViewState":{"m_AlwaysRefresh":false,"showFog":true,"showSkybox":true,"showFlares":true,"showImageEffects":true,"showParticleSystems":true,"showVisualEffectGraphs":true,"m_FxEnabled":false},"in2DMode":false,"pivot":{"x":-0.6863376498222351,"y":0.7386986613273621,"z":-0.1251077651977539},"rotation":{"x":-0.001516898162662983,"y":0.9961662888526917,"z":-0.08569104224443436,"w":-0.017632752656936647},"size":3.178417921066284,"orthographic":false}